_id,firstname,lastname,email,phone
668fbd4db56b32576d686ac6,Jyotii,Solanki,jyoti@gmail.com,1234567689
668fc86557d36f17c5c307f0,vab,tedt,vty@gmail.com,86552324
668fc9db57d36f17c5c3082f,vaibhab,rekhate,v@gmail.com,865555556
668fcc312d8cb216eacc6026,Ravi,Shankar,ravi@mailinator.com,6494546497
668fd340baf81d855900cc21,bestta,test,bestta_test@mailinator.com,9875898764
668fe31e5bb4b6c54dae4889,jyoti,solanki,jy555oti@gmail.com,3255535
668fe37c5bb4b6c54dae48cb,jyoti,solanki,jyo54y4wti@gmail.com,3255535
668fe4295bb4b6c54dae49ae,jyoti,solanki,jyhythoti@gmail.com,3255535
668fe51b5bb4b6c54dae4a4a,nikhilesh,agrawal,nikhilesh01@gmail.com,325553523232
6690c03c5bb4b6c54dae5d50,Sham,Gayaki,sham@gmail.com,7876877587578
6690d635966c522dad7916a5,Vaibhav,RekhateTester,vaibhavrekhate98@gmail.com,8830243465
6690d899966c522dad791b8d,jyoti,solanki,jyotiesafe@gmail.com,3255535
6690dcfb966c522dad792145,Ravi,Shankar,ravi03@mailinator.com,63494549484
6690e180d58838ee1e450318,tyutyu,tyutyut,ty@gmail.com,765764673
6690e3bfee6941c674129c3e,Nikhilesh,demo,developerwebmobrilindore@gmail.com,9876543210
6690f814398eb71732a9426e,ravi,shankar,ravi06@gmail.com,946464975
6690fb89398eb71732a9458d,ravi,shankar,ravi09@mailinator.com,9464949464
6691045e398eb71732a94c19,ravi,shankar,ravi001@mailinator.com,9649454649
66910546398eb71732a94d48,Vaibhav,Rekhate,vrtest@gmail.com,8830243464
6691096b86b34c3baaaad1dd,Vaibhav,Rekhate,partner1@gmail.com,798687587
669109e386b34c3baaaad297,Vaibhav,Rekhate,partner2@gmail.com,7868768
66910b648b66fc87f08abdf0,Jhon,rose,jhon@mailinator.com,56789876543
6691194ef1c0cb03e90bafcf,Vaibhav,Rekhate,tut@gmail.com,57657676766
6691197ff1c0cb03e90bb02f,jyoti,solanki,jyotisolankics29@gmail.com,3255535
66911a71f1c0cb03e90bb147,jyoti,solanki,jyotiyhthtr@gmail.com,3255535
66912aed3934dd27bfabfb93,Ravi,Shankar,ravi012@mailinator.com,6394546494
66912c653934dd27bfabfcd3,vaibhav,Rekhate,jyokt2i@gmail.com,3255535
66912e2a3934dd27bfabfd5e,Vaibhav,Rekhate,tyutyu@gmail.com,78587574
6691321e3934dd27bfac0455,Vaibhav,Rekhate,tytr@gmail.com,5632887415
669147743934dd27bfac137f,jyoti,solanki,solankisohan757@gmail.com,676890
669167c73934dd27bfac204e,fhggg,dhhgg,uydg@gmail.com,286365455
669176a53934dd27bfac25c8,fufuf,xyxycy,fycyc@gmail.com,86838338
66917cca3934dd27bfac2853,gicuci,fufycud,fufufu@gmail.com,53882885
669227af3934dd27bfac5326,swaraj,gupta,swaraj@gmai.com,8536253689
66922947e61a282b923ac081,chchc,chchcf,dhxhxx@gmail.com,568686686
66922ad1e61a282b923ac256,chcud,fjchc,guccc@gmail.com,868686868
6692552a6199d261dbc0e5b0,Vaibhav,Rekhate,tytyue@gmail.com,8830243465
66926cf0a1f28305b86fe354,ravi,shankar,ravi1229@mailinator.com,634945464
66926d22a1f28305b86fe376,Testing,User,tedt@gmail.com,556555558
66927415a1f28305b86fe81d,ravi,shankar,ravi1234@gmail.com,94645484
669275c6a1f28305b86fe8a8,Tarun,Nagora,tarunnagora.webmobril@gmail.com,
669284caa1f28305b86fefdc,Sham,Gayaki,sham1@gmail.com,8830243465
669284cda1f28305b86fefe1,ravi,shankar,r1@mailinator.com,6434945464
6692983fa1f28305b86ff453,tesft,fhhggf,dgtth@gmail.com,2563255442
66929dc7a1f28305b86ff732,jitendra,adlak,jitendra@gmail.com,538383838
6692abb4a1f28305b86ff9ff,ravi,dev,ravi1@gmail.com,87646575